iboat,isolation-based,online,anomalous,trajectory,detection
reliable,transport,delay,tolerant,network
sch,'em,de,mise,en,veille,des,station,de,dan,les,eseaux,mobile,pr,esentation,evaluation
performance,evaluation,methodology,tool,select,papers,valuetools,2008
agr,egation,pour,garantir,la,qos,des,eseaux,complex
convergence,multi-agent,project,stochastic,gradient,non-convex,optimization
minimum-weight,subgraph,unicyclic,component,lower-bounded,girth
fractional,route,pair,failure-disjoint,path
bound,aggregation,multidimensional,markov,chain
performance,evaluation,mobile,network,stochastic,order,markov,chain
spectral,bound,unconstrained,1,1,1,quadratic,optimization,problem
reliable,transport,delay,tolerant,network
performance,evaluation,methodology,tool,select,papers,valuetools,2008
volume-oriented,route,modification
special,issue,dynamic,game,network
passive,testing,symbolic,execution,slice,technique,application,validation,communication,protocol
generating,attack,scenario,security,validation
formal,data-centric,passive,testing,communication,protocol
strong,weak,stochastic,bound,multidimensional,markov,chain
iboat,isolation-based,online,anomalous,trajectory,detection
minimum-weight,subgraph,unicyclic,component,lower-bounded,girth
adaptive,learning,vector,quantization,online,parametric,estimation
fractional,route,pair,failure-disjoint,path
improving,transport,performance,delay,tolerant,network,random,linear,network,code,global,acknowledgment
detect,aircraft,low-resolution,infrared,sensor
aircraft,classification,low,resolution,infrare,sensor
formal,data-centric,passive,testing,communication,protocol
volume-oriented,route,modification
diameter,cut,polytope
analysis,max-consensus,wireless,channel
spin-based,detect,vulnerability,program
simple,finite,cut,plane,integer,program
qos-oriented,resource,allocation,streaming,flow,ieee802,.16,mobile,wimax
advanced,detect,software,vulnerability
hybrid,multi-channel,multi-hop,mac,vanets
authentication,service,mobile,ad,hoc,network
virtual,network,provision,multiple,substrate,network
self-organization,framework,wireless,ad,hoc,network,small,world
achieve,small-world,property,bio-inspired,technique,wireless,network
multi-service,mac,protocol,multi-channel,csma/ca,ieee,802.11,network
engineering,distribute,e-voting,architecture,meeting,critical,requirement
spectral,bound,unconstrained,-1,1,quadratic,optimization,problem
aircraft,classification,low,resolution,infrare,sensor
performance,evaluation,mobile,network,stochastic,order,markov,chain
spectral,bound,unconstrained,1,1,1,quadratic,optimization,problem
bound,aggregation,multidimensional,markov,chain
agr,egation,pour,garantir,la,qos,des,eseaux,complex
convergence,multi-agent,project,stochastic,gradient,non-convex,optimization
sch,'em,de,mise,en,veille,des,station,de,dan,les,eseaux,mobile,pr,esentation,evaluation
reliable,transport,delay,tolerant,network
introduction,uml,formal,method
tight,bind,length,distinguish,sequence,non-observable,nondeterministic,finite-state,machine,polynomial,number,input,output
apply,formal,method,pcep,industrial,case,study,test,generation
robust,route,optimal,partitioning,traffic,demand,polytope
polynomial-time,recursive,unconstrained,quadratic,optimization,problem
find,failure-disjoint,path,path,diversity,protection,communication,network
failure,disjoint,path
metropolitan,optical,packet,bus-based,network,packet,bursting,emulation,tdm,service
en,eration,de,script,attaque,pour,la,validation,de,la,ecurit
test,probabilistic,fsm,interval,estimation
efficiency,benefit,load-balancing,link,reliability,route,wsn
fsm-based,conformance,testing,method,survey,annotated,experimental,evaluation
optical,man,ring,performance,traffic,aggregation
wimax,quality-of-service,estimation,measurement
networks,unicyclic,connected,component,short,cycle
steiner,networks,unicyclic,connected,component
formulation,minimum,cut,separator,problem
polynomial,traffic,demand,polytope,partitioning
performance,comparison,ops,variable-size,packet,ob
spectral,bound,unconstrained,-1,1,quadratic,optimization,problem
designing,steiner,network,unicyclic,connected,component,easy,problem
systematic,generate,precondition,application,database,domain
software,reuse,plagiarism,code,practice
lower,bound,computational,power,optical,computation
formal,validation,methodology,manet,route,protocol,node,similarity
stochastic,comparison,methodology,performance,evaluation,fix,mobile,network
impl,'em,entation,java,une,sp,ecification,application,aux,basis,de,donn,ee
generating,attack,scenario,security,validation
ub2sql,tool,building,database,application,uml,formal,method
maximum,cut,problem
security,ad,hoc,network
circuit,emulation,service,technology,modify,packet,burst,metropolitan,optical,network
testing,secure,web,application
testing,web
engineering,distribute,e-voting,architecture,meeting,critical,requirement
feature,interaction,software,product,line,e-voting
information,theoretic,capacity,wimax
robust,route,communication,network
optical,metropolitan,network,packet,format,mac,protocol,quality,service
clustering,sensor,network
wimax,network,capacity,radio,resource,management
conditional,probability,performance,analysis,optical,unslotted,bus-based,network
ub2sql,tool,building,database,application,uml,formal,method
issue,design,access,interface,optical,slotted,network
transport,tdm,service,metropolitan,bus-based,optical,packet,switching,network
distribute,monitoring,ad,hoc,networks,conformance,security,checking
formal,supervision,mobile,ad,hoc,network,security,flaw,detection
performance,multicast,packet,aggregation,optical,slotted,network
apport,des,technique,multi-niveaux,dan,une,architecture,dvb-s2,/,rc
'em,onstration,de,la,ecurit,une,application,de,signalisation,en,mode,nominal,en,mode,egrad,par,la,preuve,formelle
qos-oriented,resource,allocation,streaming,flow,ieee802,.16,mobile,wimax
optimal,control,wake,mechanism,femtocell,heterogeneous,network
advanced,detect,software,vulnerability
generating,attack,scenario,security,validation
flow-level,performance,hierarchical,modulation,ofdma-based,network
simple,finite,cut,plane,integer,program
classification,periodic,activity,wasserstein,distance
inrob,testing,interoperability,robustness,real-time,embedded,software
systematic,integrate,common,time,security,rule,tefsm-based,specification
analysis,max-consensus,wireless,channel
cooperative,relay,ofdma,network,joint,hierarchical,modulation,link,adaptation
bound,aggregation,transient,stationary,performance,analysis,subnetwork
spin-based,detect,vulnerability,program
joint,uplink,downlink,admission,control,streaming,elastic,flow,cdma/hsdpa
multi-service,mac,protocol,multi-channel,csma/ca,ieee,802.11,network
spectral,bound,maximum,cut,problem
geometric,characterization,optimality-equivalent,relaxation
lqi-dcp,lqi,multihop,clustering,protocol,wireless,sensor,network
lqi,improve,clusterhead,location,dense,zigbee,wireless,sensor,network
equipartition,uniform,cut,polytope,polyhedral,result,extend
single-node,cluster,reduction,wsn,energy-efficiency,cluster,formation
approximability,3,4-hop,bound,disjoint,path,problem
formal,object-oriented,development,voting,test,oracle
flow-level,performance,proportional,fairness,hierarchical,modulation,ofdma-based,network
equipartition,uniform,cut,polytope,extend,polyhedral,result
step,forward,link,wireless,self-organising,network,validation,technique,formal,testing
introduction,special,issue,papers,uml,fm,2011
gradient-based,randomised,heuristic,maximum,cut,problem
minimum,cut,separator,problem
performance,evaluation,experiment,host,identity,protocol
reduce,collision,probability,shared,medium,variational,method
diameter,cut,polytope
special,issue,dynamic,game,network
passive,testing,symbolic,execution,slice,technique,application,validation,communication,protocol
generating,attack,scenario,security,validation
strong,weak,stochastic,bound,multidimensional,markov,chain
adaptive,learning,vector,quantization,online,parametric,estimation
improving,transport,performance,delay,tolerant,network,random,linear,network,code,global,acknowledgment
metropolitan,optical,packet,bus-based,network,packet,bursting,emulation,tdm,service
diameter,cut,polytope
improving,transport,performance,delay,tolerant,network,random,linear,network,code,global,acknowledgment
fractional,route,pair,failure-disjoint,path
minimum-weight,subgraph,unicyclic,component,lower-bounded,girth
adaptive,learning,vector,quantization,online,parametric,estimation
strong,weak,stochastic,bound,multidimensional,markov,chain
iboat,isolation-based,online,anomalous,trajectory,detection
formal,data-centric,passive,testing,communication,protocol
generating,attack,scenario,security,validation
passive,testing,symbolic,execution,slice,technique,application,validation,communication,protocol
volume-oriented,route,modification
special,issue,dynamic,game,network
performance,evaluation,methodology,tool,select,papers,valuetools,2008
reliable,transport,delay,tolerant,network
