robust,efficient,route,wireless,mesh,network,unreliable,node
propose,modification,appendix,ii,y.ngn-web
clarification,vod,related,classification,y.iptvintwvod
quantify,spatiotemporal,stability,means,entropy,motivation
internet,thing,concept,problem,statement
framework,media,control,iptv,service
discussion,iot,definition
revise,draft,recommendation,y.ngn-web,functional,requirement,architecture,web,service,component,ngn
revise,draft,recommendation,y.ubinet-hn,framework,object-to-object,communication,ubiquitous,network
revise,draft,recommendation,y.ngn-web,functional,requirement,architecture,web,service,component,ngn,3
internet,thing,lesson,sdo
internet,thing,concept,problem,statement
revise,draft,recommendation,y.ubinet-hn,framework,object-to-object,communication,ubiquitous,networking,3
internet,thing,concept,problem,statement
revise,draft,recommendation,y.ngn-web,functional,requirement,architecture,web,service,component,ngn,2
revise,draft,recommendation,y.ubinet-hn,framework,object-to-object,communication,ubiquitous,networking,2
diy,smart,experience,project
security,emerge,4g,network
machine-to-machine,communication
internet,thing,real,virtual,world
analyze,internet,dn,sec,traffic,resolve,platform,optimization
trend,computer,science,engineering,information,technology
advance,digital,image,processing,information,technology
architecture,gouvernance,des,service,de,communication
advance,parallel,distribute,computing
architecture,governance,communication,service
multipath,insensitive,delay,lock,loop,gnss,receiver
next-generation,wireless,technology,4g
temperature,dependence,dynamic,property,tolerance,optical,feedback,high-speed,1.3,dfb,quantum-dot,laser
design,implementation,usage,analysis,event-based,consumer,mashup
antidepressant,game,smartphone,qoe,rescue,robot
total,quality,experience,qoe,communication,ecosystem
analysis,photonic-crystal,lom,structure,engrave,ti,er,linbo3,waveguide,1.55,emission
profile,context,management,ubiquitous,computing
scene,analysis,indoor,positioning,enhancement
optical,feedback,tolerance,quantum-dot,quantum-dash-based,semiconductor,laser,operate,1.55,mu
detection,resolution,feature,interaction,ip,multimedia,subsystem
feedback-resistant,p-type,doped,inas/inp,quantum-dash,distribute,feedback,laser,isolator-free,gb/s,transmission,1.55,mu
discussion,architecture,object-to-object,communication,y.ubinet-hn
architecture,object,object,communication
propose,modification,figure,service,classification,y.ngn-web
discussion,common,functionality,accord,service,classification,y.ngn-web
reduce,overhead,intra-cluster,inter-cluster,sensor-to-actor,communication,ieee,802.15.4,network
dynamic,data-centric,storage,long-term,storage,wireless,sensor,actor,network
understand,evolution,multimedia,content,internet,bittorrent,glass
semantic,context-aware,service,composition,build,automation
flexible,service,selection,execute,virtual,service
improving,energy,saving,time-division,multiplexing,passive,optical,network
evaluate,energy,efficiency,onus,multiple,power,level,tdm-pon
adaptive,delay-aware,energy,efficient,tdm-pon
analyze,benefit,optical,transmission,root,raise,cosine,ps-qpsk,flexible,channel,grid
performance,evaluation,authentication,solution,ims,service,access
steady-state,behavior,semiconductor,laser,diode,subject,arbitrary,level,external,optical,feedback
syst,eme,technique,rfid,risque,solution,de,ecurit
p2p,ip,telephony,wireless,ad-hoc,network,smart,super,node,admission
integrate,rfid,wlan,indoor,positioning,ip,movement,detection
pseudolites/repeaters,infrastructure,autoposition,mathematics,simulation-based,result
advanced,iptv,service,personalization,context-aware,content,recommendation
review,mobility,management,vertical,handover,solution,heterogeneous,wireless,network
programmable,context,awareness,framework
onion,route,circuit,construction,latency,graph
reduce,overhead,intra-cluster,inter-cluster,sensor-to-actor,communication,ieee,802.15.4,network
adaptation,audio-visual,contents,delivery
trust-based,authentication,scheme,user,rating,low-resource,device,smart
dynamic,data-centric,storage,long-term,storage,wireless,sensor,actor,network
management,stateful,firewall,misconfiguration
understand,evolution,multimedia,content,internet,bittorrent,glass
delay,capacity,analysis,structured,p2p,overlay,lookup,service
semantic,context-aware,service,composition,build,automation
rori-based,countermeasure,selection,orbac,formalism
design,issue,cognitive,sub-small,cell,sojourner
j3gen,prng,low-cost,passive,rfid
investigation,relationship,perceive,quality-of-experience,virtual,acoustic,case,3d,audio,telephony
foundation,practice,security
next-generation,wireless,technology,4g
performance,evaluation,authentication,solution,ims,service,access
kedgen2,key,establishment,derivation,protocol,epc,gen2,rfid
scalable,multimedia,delivery,qos,management,pervasive,computing
hep,context-aware,communication
scene,analysis,indoor,positioning,enhancement
multipath,route,strategy,prevent,flooding,disruption,attack,link,state,route,protocol,manet
path,selection,fault,tolerance,wireless,mesh,network
evaluate,energy,efficiency,onus,multiple,power,level,tdm-pon
propose,modification,functional,entity,web,service,component,y.ngn-web
propose,modification,functional,entity,y.ngn-web
ims,service,interaction
propose,modification,figure,ngn,architecture,web,service,component,y.ngn-web
framework,media,control,iptv,service
clarification,mmtel,functionality
protocole,pour,la,egociation,des,politiques,de,privacy
sip,extension,media,control
sip,extension,media,control
architecture,object,object,communication
proposal,service,classification,accord,service,control,ngn-web,convergence
revise,text,live,list,web,service,architecture,ngn
proposal,web,service,component,ngn,architecture,multi-service,capability
proposal,functional,entity,web,service,component,y.ngn-web
propose,figure,ngn,architecture,web,service,component
distribute,aaa,framework,manet,performance,analysis
proposal,work,item,ngn-web,convergence,integrate,multi-service,network
authentication,method,cryptographic,identifier,cga
ecurit,dan,les,eseaux,de,capteurs,sans,fil,conception,impl,'em,entation
secure,aggregation,wireless,sensor,network
experimental,experience,host,identity,protocol,hip
dynamic,home,agent,address,discovery,dhaad,harmful,draft-dupont-mext-dhaadharmful-00,txt
syst,eme,de,sauvegarde,p2p,ecuris,appuyant,sur,une,architecture,aaa
usage,performance,cryptographically,generate,address
sessamo,session,mobility,video,streaming,application
service,continuity,ims,heterogeneous,access,network
status,gnss,transmitter-based,indoor,positioning
wavelength-selective,ti,linbo3,multiple,y-branch,coupler,focused,ion,beam,mill,bragg,reflector
multipath,insensitive,delay,lock,loop,gnss,receiver
scalability,signaling,architecture
analysis,improvement,alignment,business,information,telecom,service
channel,equalization,bandwidth,tuning,lc-based,tunable,hybrid,birefringent,filter
ws-composite,management,monitoring,ims,network
mobile,wimax,field,trial,test,multimedia,performance,evaluation
internet,thing,real,virtual,world
machine-to-machine,communication
authentication,wireless,mesh,network
security,emerge,4g,network
analyze,internet,dn,sec,traffic,resolve,platform,optimization
software,network,edge
advance,digital,image,processing,information,technology
advance,parallel,distribute,computing
trend,computer,science,engineering,information,technology
adaptive,delay-aware,energy,efficient,tdm-pon
user,profile,access,control,architecture
applicability,rfid,indoor,localization
analysis,photonic-crystal,lom,structure,engrave,ti,er,linbo3,waveguide,1.55,mu,emission
temperature,dependence,dynamic,property,tolerance,optical,feedback,high-speed,1.3,mu,dfb,quantum-dot,laser
feedback-resistant,p-type,doped,inas/inp,quantum-dash,distribute,feedback,laser,isolator-free,gb/s,transmission,1.55,mu,956
analyze,benefit,optical,transmission,root,raise,cosine,ps-qpsk,flexible,channel,grid
improving,energy,saving,time-division,multiplexing,passive,optical,network
flexible,service,selection,execute,virtual,service
feedback-resistant,p-type,doped,inas/inp,quantum-dash,distribute,feedback,laser,isolator-free,gb/s,transmission,1.55,mu
detection,resolution,feature,interaction,ip,multimedia,subsystem
optical,feedback,tolerance,quantum-dot,quantum-dash-based,semiconductor,laser,operate,1.55,mu
profile,context,management,ubiquitous,computing
analysis,photonic-crystal,lom,structure,engrave,ti,er,linbo3,waveguide,1.55,emission
antidepressant,game,smartphone,qoe,rescue,robot
total,quality,experience,qoe,communication,ecosystem
design,implementation,usage,analysis,event-based,consumer,mashup
temperature,dependence,dynamic,property,tolerance,optical,feedback,high-speed,1.3,dfb,quantum-dot,laser
multipath,insensitive,delay,lock,loop,gnss,receiver
architecture,governance,communication,service
architecture,gouvernance,des,service,de,communication
diy,smart,experience,project
scalable,multimedia,delivery,qos,management,pervasive,computing
handoff,energy,awareness,future,pervasive
path,selection,fault,tolerance,wireless,mesh,network
context,aware,quality,experience,audio-visual,service,group
optical,feedback,tolerance,quantum-dot,quantum-dash-based,semiconductor,laser,operate,1.55,mu,956
trust-based,authentication,scheme,user,rating,low-resource,device,smart
autonomic,virtual,router,future,internet
steady-state,behavior,semiconductor,laser,diode,subject,arbitrary,level,external,optical,feedback
webid,1.0,web,identity,discovery
scalable,rfid,privacy,protect,scheme
teletraffic,capacity,performance,wdm/ds-ocdma,passive,optical,network
quality,service,mobility,management,heterogenous,wireless,network
pn,platform
key,management,wireless,sensor,network
introduction,wireless,mobile,network
security,ip-based,mobile,network
reactive,wireless,mesh,network,architecture
polarization,dependence,effect,external,optical,feedback,semiconductor,laser
technologie,mih-ieee,802.21
mobilit,dan,wi-fi,ieee,802.11
describe,generation,communication,service,usage,perspective
service,orchestration,ims
ims,service,concept
broadcast,technique,vehicular,ad,hoc,network
open-iptv,service,architecture
wlan/3g,convergence,advance,mobility,feature
cross,layer,simulation,application,performance,modelling,network,compose,manet,satellite
light-weight,internet,protocol,multimedia,subsystem,ims,client,development,smart,mobile,device
analysis,coherence-collapse,regime,semiconductor,laser,external,optical,feedback,perturbation,method
indoor,position,gnss-like,local,signal,transmitter
mobile,wireless,network,security,proceedings,mwns,2008,workshop,singapore,9,april,2008
internet,thing,connect,object,web
mobile,wireless,network,security,proceedings,2nd,international,workshop,mwns,2009,aachen,germany,15,2009
wireless,mobile,network,security,security,basics,security,on-the-shelf,emerge,technology
handoff,energy,awareness,future,pervasive
user,profile,access,control,architecture
eseaux,sans,fil,'em,ergent,standard,ieee
context,aware,quality,experience,audio-visual,service,group
review,mobility,management,vertical,handover,solution,heterogeneous,wireless,network
advanced,iptv,service,personalization,context-aware,content,recommendation
pseudolites/repeaters,infrastructure,autoposition,mathematics,simulation-based,result
iptv,service,personalization,context-awareness
survey,personalized,tv,ngn,service,context-awareness
cooperative,geographic,route,radio,coverage,extension,ser-constrained,wireless,relay,network
integrate,rfid,wlan,indoor,positioning,ip,movement,detection
pr,evention,des,enis,de,service,dan,les,eseaux,publics
eolocalisation,en,sommes-nous
principales,technique,technology,de,positionnement
syst,eme,technique,rfid,risque,solution,de,ecurit
enhancing,exist,communication,service,context-awareness
id-based,cryptography,definition,eap,authentication,method
widget,composition,mechanism,service,creation,ordinary,user
p2p,ip,telephony,wireless,ad-hoc,network,smart,super,node,admission
technological,implementation,fabry-p,erot,cavity,ti,linbo3,waveguide,fib
risk,assessment,supply,chain,rfid,wireless,sensor,network,integration
ontology-driven,siem,information,operation,swrl,formalism
semantic,enhance,service,exposure,converged,service
contrast,finesse,enhancement,birefringent,filter
coopgeo,beaconless,geographic,cross-layer,protocol,cooperative,wireless,ad,hoc,network
hash,chain,link,resynchronization,method,video,streaming,security,performance,comparison
topology,control,route,large,scale,wireless,sensor,network
quality-assured,sociality-enriched,multimedia,mobile,mashup
enhance,authenticate,key,agreement,protocol,neural,network-based,joining-phase,mobile
access,control,object,description,future,network,information
priority-based,hybrid,mac,energy,efficiency,wireless,sensor,network
rfid-assisted,indoor,localization,impact,interference,performance
scene,analysis,indoor,positioning,enhancement
direction,intrusion,detection,alert,correlation
short,multipath,insensitive,code,loop,discriminator
secure,peer-to-peer,backup,service,great,autonomy,supervision,provider
content,delivery,personalized,iptv,service,peer,peer,proxy
optical,performance,bragg,grating,fabricate,ti,linbo3,waveguide,focused,ion,beam,milling
ring-based,pon,support,multiple,optical,private,network,ocdma,technique
time-frequency,analysis,efficient,detection,localization,side-coupled,cavity,real,photonic,crystal
nonlinear,pulse,reshape,highly,birefringent,photonic,crystal,fiber,ocdma,receiver
significantly,improve,performance,cryptographically,generate,address,ecc,gpgpu
hierarchical,location,service,prediction,mobile,ad-hoc,network
interference,mitigation,repeater,pseudolite,indoor,positioning
ecurit,dan,les,eseaux,802.11
on-demand,key,establishment,protocol,manet
indoor,positioning,gps-repeater,performance,enhancement,open,code,loop,architecture
multi-channel,amplitude,equalization,liquid,crystal,polarization,interference,filter
fractional,frequency,reuse,hierarchical,resource,allocation,mobile,wimax,network
co2,laser-induced,crystallization,sol-gel-derived,indium,tin,oxide,film
analysis,telecommunication,management,technology
alternative,methodology,spectral,analysis,direct,access,ring,resonator,parameter
experimental,measurement,host,identity,protocol,mobile,node,network
converge,web,2.0,telecommunications
eap-ehash,authentication,method,adapt,resource,constrain,terminal
service,business,process,generation,service,required,step,achieve,service,convergence
integrate,identity-based,cryptography,ims,service,authentication
analytical,hsdpa,throughput,nakagami,fading,channel
vehicle,ad,hoc,networks,application,related,technical,issue
multicast,overlay,span,tree,ad,hoc,network,capacity,bound,protocol,design,performance,evaluation
secure,e-passport,protocol,biometric
time-wavelength,reflectance,map,photonic,crystal,waveguide,view,disorder-induced,scattering
building,identity-based,security,association,provider-provisioned,virtual,private,network
ims,enable,converge,service,cable,3g,technology,survey
dynamic,service,deployment,distribute,heterogeneous,cluster,router,dhcr
ecurit,des,syst,emes,p2p,de,sauvegarde,distribu,ee
des,eseaux,ad,hoc,economiquement,viables
detection,resolution,feature,interaction,ip,multimedia,subsystem
make,mobile,service,architecture
projet,dispairse,syst,eme,p2p,de,sauvegarde,distribu,ee,ecuris
systematic,investigation,inas/inp,quantum-dash,laser,external,optical,feedback
ecurit,des,eseaux,sans,fil,mobile,probl,'em,atique,enjeux,technologique
analysis,distribute,partially,proton-exchanged,ti,linbo3,waveguide
webid,1.0,web,identity,discovery
lte,femtocell,integration,wireless,sensor/actuator,network,rfid,technology
incoming,trend,end-user,driven,service,creation
rfid,deployment,location,mobility,management,internet
ecurit,des,eseaux,p2p
rfid,application,related,research,issue
introduction,internet,thing
integration,wifi,wimax,network
security,pn
pn,networking
multiple,mobile,sink,deployment,energy,efficiency,large,scale,wireless,sensor,network
wife,wireless,indoor,position,fingerprint,evaluation
wireless,sensor,network,security
consideration,rfid-based,indoor,simultaneous,tracking
caac,mechanism,cluster,address,auto-configuration,mechanism
fundamental,security,mechanism
autonomic,virtual,router,future,internet
make,mobile,service,architecture
optical,feedback,tolerance,quantum-dot,quantum-dash-based,semiconductor,laser,operate,1.55,mu,956
converge,web,2.0,telecommunications
consideration,smart,tcrmf,mobile,wireless
internet,thing,lesson,sdo
clean-up,conclusion,section,4.1
emerge,cloud-based,internet,thing
clean-up,conclusion,section,5.1.2-5,.1.4
2,reference
ics,termination,ue,assist,t-ads,case,simultaneous,ps,cs,support
internet,thing,lesson,sdo
internet,thing,concept,problem,statement
conclusion,derive,section,4.2.1,4.2.2,clarification,scope,release,8
case,illustrate,function,release,8,isb
revision,section,4.1
inclusion,isc,enhancement,support,sb,service,class,sb
revision,section,4.2
propose,modification,requirement,support,context,awareness,y.sun-context
propose,modification,functional,support,context,awareness,y.sun-context
update,text,draft,recommendation,y.energy-hn,energy,saving,smart,object,generation,home,network
internet,thing,concept,problem,statement
internet,thing,concept,problem,statement
object,framework,future,internet
object,framework,future,internet
object,framework,future,internet
proposal,case,context,aware,content,delivery,service,y.sun-context
proposal,work,item,social,device,networking
proposal,case,context,aware,content,delivery,service,y.sun-context
proposal,work,item,social,device,networking
object,framework,future,internet
object,framework,future,internet
internet,thing,concept,problem,statement
object,framework,future,internet
internet,thing,concept,problem,statement
update,text,draft,recommendation,y.energy-hn,energy,saving,smart,object,generation,home,network
propose,modification,functional,support,context,awareness,y.sun-context
propose,modification,requirement,support,context,awareness,y.sun-context
revision,section,4.2
revision,section,4.1
inclusion,isc,enhancement,support,sb,service,class,sb
case,illustrate,function,release,8,isb
conclusion,derive,section,4.2.1,4.2.2,clarification,scope,release,8
internet,thing,concept,problem,statement
ics,termination,ue,assist,t-ads,case,simultaneous,ps,cs,support
internet,thing,lesson,sdo
2,reference
clean-up,conclusion,section,5.1.2-5,.1.4
emerge,cloud-based,internet,thing
internet,thing,lesson,sdo
clean-up,conclusion,section,4.1
consideration,smart,tcrmf,mobile,wireless
multipath,insensitive,delay,lock,loop,gnss,receiver
feedback-resistant,p-type,doped,inas/inp,quantum-dash,distribute,feedback,laser,isolator-free,gb/s,transmission,1.55,mu,956
applicability,rfid,indoor,localization
trust-based,authentication,scheme,user,rating,low-resource,device,smart
context,aware,quality,experience,audio-visual,service,group
path,selection,fault,tolerance,wireless,mesh,network
syst,eme,technique,rfid,risque,solution,de,ecurit
analysis,photonic-crystal,lom,structure,engrave,ti,er,linbo3,waveguide,1.55,mu,emission
temperature,dependence,dynamic,property,tolerance,optical,feedback,high-speed,1.3,mu,dfb,quantum-dot,laser
revise,draft,recommendation,y.ngn-web,functional,requirement,architecture,web,service,component,ngn
scalable,multimedia,delivery,qos,management,pervasive,computing
consideration,smart,tcrmf,mobile,wireless
emerge,cloud-based,internet,thing
internet,thing,lesson,sdo
authentication,wireless,mesh,network
software,network,edge
foundation,practice,security
kedgen2,key,establishment,derivation,protocol,epc,gen2,rfid
scalable,multimedia,delivery,qos,management,pervasive,computing
hep,context-aware,communication
multipath,route,strategy,prevent,flooding,disruption,attack,link,state,route,protocol,manet
path,selection,fault,tolerance,wireless,mesh,network
j3gen,prng,low-cost,passive,rfid
investigation,relationship,perceive,quality-of-experience,virtual,acoustic,case,3d,audio,telephony
design,issue,cognitive,sub-small,cell,sojourner
rori-based,countermeasure,selection,orbac,formalism
delay,capacity,analysis,structured,p2p,overlay,lookup,service
management,stateful,firewall,misconfiguration
trust-based,authentication,scheme,user,rating,low-resource,device,smart
adaptation,audio-visual,contents,delivery
onion,route,circuit,construction,latency,graph
programmable,context,awareness,framework
clean-up,conclusion,section,4.1
2,reference
clean-up,conclusion,section,5.1.2-5,.1.4
internet,thing,lesson,sdo
ics,termination,ue,assist,t-ads,case,simultaneous,ps,cs,support
internet,thing,concept,problem,statement
conclusion,derive,section,4.2.1,4.2.2,clarification,scope,release,8
case,illustrate,function,release,8,isb
inclusion,isc,enhancement,support,sb,service,class,sb
revision,section,4.2
revision,section,4.1
propose,modification,requirement,support,context,awareness,y.sun-context
propose,modification,functional,support,context,awareness,y.sun-context
update,text,draft,recommendation,y.energy-hn,energy,saving,smart,object,generation,home,network
internet,thing,concept,problem,statement
internet,thing,concept,problem,statement
object,framework,future,internet
object,framework,future,internet
proposal,work,item,social,device,networking
object,framework,future,internet
proposal,case,context,aware,content,delivery,service,y.sun-context
software,network,edge
analyze,internet,dn,sec,traffic,resolve,platform,optimization
onion,route,circuit,construction,latency,graph
multipath,route,strategy,prevent,flooding,disruption,attack,link,state,route,protocol,manet
programmable,context,awareness,framework
reduce,overhead,intra-cluster,inter-cluster,sensor-to-actor,communication,ieee,802.15.4,network
dynamic,data-centric,storage,long-term,storage,wireless,sensor,actor,network
adaptation,audio-visual,contents,delivery
trust-based,authentication,scheme,user,rating,low-resource,device,smart
understand,evolution,multimedia,content,internet,bittorrent,glass
management,stateful,firewall,misconfiguration
delay,capacity,analysis,structured,p2p,overlay,lookup,service
rori-based,countermeasure,selection,orbac,formalism
semantic,context-aware,service,composition,build,automation
design,issue,cognitive,sub-small,cell,sojourner
investigation,relationship,perceive,quality-of-experience,virtual,acoustic,case,3d,audio,telephony
j3gen,prng,low-cost,passive,rfid
adaptive,delay-aware,energy,efficient,tdm-pon
evaluate,energy,efficiency,onus,multiple,power,level,tdm-pon
path,selection,fault,tolerance,wireless,mesh,network
performance,evaluation,authentication,solution,ims,service,access
kedgen2,key,establishment,derivation,protocol,epc,gen2,rfid
scalable,multimedia,delivery,qos,management,pervasive,computing
hep,context-aware,communication
scene,analysis,indoor,positioning,enhancement
next-generation,wireless,technology,4g
foundation,practice,security
trend,computer,science,engineering,information,technology
advance,parallel,distribute,computing
advance,digital,image,processing,information,technology
security,emerge,4g,network
authentication,wireless,mesh,network
machine-to-machine,communication
internet,thing,real,virtual,world
