designing,efficient,fusion,scheme,multimodal,biometric,face,palmprint
particle,swarm,optimization,fusion,infrared,visible,image,improve,face,verification
exact,filter,conditionally,markov,switching,hide,linear
exact,bayesian,prediction,class,markov-switching
protocol,multi-biometric,evaluation,maintain,dependency,biometric,score
joint,binary,image,deconvolution,blur,identification,context,two-dimensional,storage,channel
unsupervised,segmentation,randomly,switch,datum,hide,non-gaussian,correlate,noise
turbo,segmentation,textured,image
glrt-based,array,receiver,detection,signal,unknown,parameter,corrupt,noncircular,interference
vanilla,rao-blackwellization,metropolis-hastings
second-order,statistics,evd,sample,covariance,matrix,application,detection,noncircular,or/and,nongaussian,component
direct,prediction,smoothing-based,kalman,particle,filter
asymptotic,distribution,glr,impropriety,complex,signal
consistency,maximum,likelihood,estimator,general,hidden,markov
evidential,network-based,multimodal,fusion,fall,detection
triplet,markov,chain,image,segmentation
biometric,technique,apply,video,surveillance
exact,calculation,optimal,filter,hidden,markov,switching,long-memory,chain
obtain,cryptographic,key,multi-biometric
sequential,monte,carlo,smooth,general,state,space,hide,markov
fixed-interval,kalman,smoothing,singular,state,space
separation,instantaneous,mixture,dependent,source,classical,ica,method
scaling,analysis,delay,rejection,mcmc,method
asymptotic,property,maximum,likelihood,estimation,misspecify,hidden,markov
identity,forgery,disguise
performance,bound,statistical,analysis,doa,estimation
survey,kurtosis,optimization,scheme,miso,source,separation,equalization
obtain,cryptographic,key,multi-biometric
biometric,technique,apply,video,surveillance
exact,calculation,optimal,filter,hidden,markov,switching,long-memory,chain
triplet,markov,chain,image,segmentation
marginalize,particle,phd,filters,multiple,object,bayesian,filter
bayesian,multi-object,filter,pairwise,markov,chain
asymptotic,property,maximum,likelihood,estimation,misspecify,hidden,markov
direction,finding,antenna,array,randomly,located,source
glrt-based,array,receiver,detection,signal,unknown,parameter,corrupt,noncircular,interference
second-order,statistics,evd,sample,covariance,matrix,application,detection,noncircular,or/and,nongaussian,component
sequential,monte,carlo,smooth,general,state,space,hide,markov
closed-form,expression,exact,cramer-rao,bind,parameter,estimation,bpsk,msk,qpsk,waveform
optimal,sir,vs.,fully,adapt,auxiliary,particle,filter,asymptotic,analysis
joint,channel,estimation,decode,trellis-coded,mimo,two-way,relay,network
automatic,detection,advertisement,radio,broadcast,data-driven,alisp,transcription
subsampling-based,hmc,parameter,estimation,application,large,dataset,classification
exact,fast,computation,optimal,filter,gaussian,switching,linear
unsupervised,datum,classification,pairwise,markov,chain,automatic,copula,selection
ergodicity,observation-driven,time,series,consistency,maximum,likelihood,estimator
calibrate,exponential,ornstein-uhlenbeck,multiscale,stochastic,volatility
separation,instantaneous,mixture,dependent,source,classical,ica,method
limit,theorem,weighted,sample,application,sequential,monte,carlo,method
adaptive,importance,sampling,general,mixture,class
existence,arch,infini,process
inversion,polynomial,separation,nonlinear,mixture,finite-alphabet,source
bound,regeneration,time,limit,theorem,subgeometric,markov,chain
unsupervised,segmentation,triplet,markov,chain,long-memory,noise
fusion,textural,statistics,similarity,measure,application,texture,recognition,segmentation
sequential,monte,carlo,smooth,application,parameter,estimation,linear,state,space
sur,la,convergence,de,estimation,conditionnelle,erative
blind,estimation,detection,space-time,trellis,code,transmission,rayleigh,fading,mimo,channel
asymptotic,distribution,circularity,coefficient,estimate,complex,random,variable
robustness,adaptive,narrowband,beamform,respect,bandwidth
generalized,identifiability,condition,blind,convolutive,mimo,separation
performance,limit,alphabet,diversity,fir,siso,channel,identification
forget,initial,condition,filter,general,state-space,hidden,markov,chain,coupling
forget,initial,distribution,hidden,markov
gaussian,beam,launch,3d,physical,propagation,channel
subgeometric,rate,convergence,f-ergodic,strong,markov,process
optimality,auxiliary,particle,filter
deterministic,particle,filter,gps,navigation,presence,multipath
blind,soft-output,decoding,space-time,trellis,code,transmission,time-varying,rayleigh,fading,channel
asymptotic,optimal,sinr,performance,bind,space-time,beamforming
asymptotic,generalize,eigenvalue,distribution,block,multilevel,toeplitz,matrix
gaussian,sum,blind,carrier,phase,estimation,datum,detection,turbo,code,transmission
blind,turbo-detection,presence,phase,noise
unsupervised,classification,multivariate,hidden,markov,chain,copula
general,algebraic,blind,extraction,source,mimo,convolutive,mixture
forget,initial,distribution,nonergodic,hidden,markov,chain
fixed-lag,particle,smoother,blind,siso,equalization,time-varying,channel
gaussian,mixture,blind,equalization,block-oriented,wireless,communication
unsupervised,segmentation,semi-markov,chain,hide,long,dependence,noise
fixed-interval,kalman,smoothing,singular,state,--,space
biosecure,signature,evaluation,campaign,bsec,2009,evaluate,online,signature,depend,quality,signature
hw/sw,partitioning,embedded,case,study,iris,recognition
measure,forgery,quality,online,signature
kurtosis,optimization,scheme,miso,equalization
scaling,analysis,multiple-try,mcmc,method
segmentation,image,par,mod,ele,de,elange,conjoint,gaussien
unsupervised,segmentation,random,discrete,datum,hide,switching,noise,distribution
dempster-shafer,fusion,multisensor,signal,nonstationary,markovian,context
generalized,multilevel,physical,optics,mlpo,comprehensive,analysis,reflector,antenna
recursive,bayesian,filter,multitarget,track-before-detect,passive,radar
iterative,mitigation,intercell,interference,cellular,network,gaussian,belief,propagation
unsupervised,segmentation,hidden,semi-markov,non-stationary,chain
analysis,ratan-600,radiotelescope,antenna,multilevel,physical,optics
effective,elliptic,fitting,iris,normalization
enhancing,information,security,privacy,combine,biometric,cryptography
introduction,biometric
introduction,la,biom,etrie
cha,ine,de,markov,triplet,segmentation,des,image
convolutive,mixture
subspace,tracking,signal,processing
unsupervised,datum,classification,pairwise,markov,chain,automatic,copula,selection
exact,fast,computation,optimal,filter,gaussian,switching,linear
subsampling-based,hmc,parameter,estimation,application,large,dataset,classification
ergodicity,observation-driven,time,series,consistency,maximum,likelihood,estimator
calibrate,exponential,ornstein-uhlenbeck,multiscale,stochastic,volatility
bayesian,track-before-detect,procedure,passive,radar
optimal,sir,vs.,fully,adapt,auxiliary,particle,filter,asymptotic,analysis
evidential,network-based,multimodal,fusion,fall,detection
properties,performance,practical,interest,widely,linear,mmse,beamformer,nonrectilinear,signal
scaling,analysis,delay,rejection,mcmc,method
direction,finding,antenna,array,randomly,located,source
unsupervised,segmentation,random,discrete,datum,hide,switching,noise,distribution
bayesian,track-before-detect,procedure,passive,radar
identity,forgery,disguise
fixed-interval,kalman,smoothing,singular,state,space
effective,elliptic,fitting,iris,normalization
automatic,detection,advertisement,radio,broadcast,data-driven,alisp,transcription
exact,smoothing,hidden,conditionally,markov,switch,linear
performance,analysis,lrt/glrt-based,array,receiver,detection,real-valued,signal,corrupt,noncircular,interference
consistency,maximum,likelihood,estimator,general,hidden,markov
statistical,performance,music-like,resolve,noncircular,source
bayesian,fixed-interval,smoothing
effective,elliptic,fitting,iris,normalization
automatic,detection,advertisement,radio,broadcast,data-driven,alisp,transcription
segmentation,image,par,mod,ele,de,elange,conjoint,gaussien
direction,finding,antenna,array,randomly,located,source
scaling,analysis,multiple-try,mcmc,method
fixed-interval,kalman,smoothing,singular,state,--,space
closed-form,expression,exact,cramer-rao,bind,parameter,estimation,bpsk,msk,qpsk,waveform
performance,bound,statistical,analysis,doa,estimation
survey,kurtosis,optimization,scheme,miso,source,separation,equalization
marginalize,particle,phd,filters,multiple,object,bayesian,filter
bayesian,multi-object,filter,pairwise,markov,chain
direction,finding,antenna,array,randomly,located,source
glrt-based,array,receiver,detection,signal,unknown,parameter,corrupt,noncircular,interference
second-order,statistics,evd,sample,covariance,matrix,application,detection,noncircular,or/and,nongaussian,component
closed-form,expression,exact,cramer-rao,bind,parameter,estimation,bpsk,msk,qpsk,waveform
joint,channel,estimation,decode,trellis-coded,mimo,two-way,relay,network
automatic,detection,advertisement,radio,broadcast,data-driven,alisp,transcription
properties,performance,practical,interest,widely,linear,mmse,beamformer,nonrectilinear,signal
triplet,markov,chain,image,segmentation
exact,calculation,optimal,filter,hidden,markov,switching,long-memory,chain
biometric,technique,apply,video,surveillance
obtain,cryptographic,key,multi-biometric
scaling,analysis,delay,rejection,mcmc,method
separation,instantaneous,mixture,dependent,source,classical,ica,method
evidential,network-based,multimodal,fusion,fall,detection
properties,performance,practical,interest,widely,linear,mmse,beamformer,nonrectilinear,signal
subsampling-based,hmc,parameter,estimation,application,large,dataset,classification
exact,fast,computation,optimal,filter,gaussian,switching,linear
unsupervised,datum,classification,pairwise,markov,chain,automatic,copula,selection
ergodicity,observation-driven,time,series,consistency,maximum,likelihood,estimator
calibrate,exponential,ornstein-uhlenbeck,multiscale,stochastic,volatility
automatic,detection,advertisement,radio,broadcast,data-driven,alisp,transcription
joint,channel,estimation,decode,trellis-coded,mimo,two-way,relay,network
optimal,sir,vs.,fully,adapt,auxiliary,particle,filter,asymptotic,analysis
marginalize,particle,phd,filters,multiple,object,bayesian,filter
bayesian,multi-object,filter,pairwise,markov,chain
asymptotic,property,maximum,likelihood,estimation,misspecify,hidden,markov
direction,finding,antenna,array,randomly,located,source
glrt-based,array,receiver,detection,signal,unknown,parameter,corrupt,noncircular,interference
second-order,statistics,evd,sample,covariance,matrix,application,detection,noncircular,or/and,nongaussian,component
sequential,monte,carlo,smooth,general,state,space,hide,markov
closed-form,expression,exact,cramer-rao,bind,parameter,estimation,bpsk,msk,qpsk,waveform
survey,kurtosis,optimization,scheme,miso,source,separation,equalization
performance,bound,statistical,analysis,doa,estimation
