ultra,wideband,radar,system,human,chest,displacement
optimization,processing,datum,stream,roughly,characterize,distribute,resource
train,throughput-efficient,uniform,total,order,broadcast,algorithm
cross-standard,user,description,mobile,medical,orient,virtual,collaborative,environment
remote,collaboration,decision,support,on-demand,medical,image,analysis,acute,stroke,care
make,screen,sustainable,media,production,bridget,approach
dynamic,energy,efficient,optical,line,terminal,design,optical,access,network
performance,study,java,garbage,collector,multicore,architecture
distribute,consensus,metamorphic,system,gossip,algorithm,cat,0,metric,space
formal,modeling,verify,sca,dynamic,composition,event-b
formal,modeling,verify,sca,composition
formal,approach,verify,qos,variability,web,service,composition,event-b
heuristic,derive,adaptive,homing,distinguish,sequence,nondeterministic,finite,state,machine
eye,correlation,eye,movement,phishing,identification
formal,behavioral,modeling,verify,sca,composition,event-b
formal,approach,ensure,correct,reconfigurable,composite,service
evaluate,htm,pauseless,garbage,collector,java
formal,concept,analysis,organize,discover,sensor,capability
performance,analysis,hybrid,optical-electronic,packet,switch,support,service,class
performance,analysis,hybrid,opto-electronic,packet,switch,wdm,technology
performance,improvement,hybrid,opto-electronic,packet,switch,sdm,addition,wdm
automatic,assistant,mobility,improved,cognition,partially,sight,person
real-time,facial,character,animation
alice,smartphone,assistant,increase,mobility,visual,impaired,people
3d,object,metamorphosis,pseudo,metamesh
moteur,de,recherche,web,avec,lâ,™,ontologie,wolf
building,detection,lidar,data
'',outdoor,cognition,system,integrated,regular,smartphone,device,''
live,camera,recording,robust,video,fingerprinting
efficient,graph,span,structure,large,database,image,retrieval
obstacle,categorization,system,visually,impaired,people
slow,dynamics,supersonic,beam,simulation,experiment
hybrid,tracking,system,robust,fiducial,registration,augmented,reality
dynamic,anchor,point,selection,mobility,management,software,defined,networks
optical,transimpedance,receiver,high,data,transmission,ofdm,modulation,format
on-line,scalable,image,access,medical,remote,collaborative,meeting
grade,remodel,severity,asthma,base,airway,wall,thicken,index,bronchoarterial,ratio,measure,msct
computed,tomography,assessment,airways,bronchial,tree,demonstrate,airway,narrow,severe,asthma
parallel,implementation,sequential,monte,carlo,method,island,particle,model
visual,saliency,mpeg-4,avc,video,stream
incinerator,eliminate,stale,reference,dynamic,osgus,application
automatic,opencl,code,generation,multi-device,heterogeneous,architecture
analysis,deep,level,defect,gan,p-i-n,diodes,beta,particle,irradiation
