two-stage,filter,scheme,sparse,representation,base,interest,point,match,person,re-identification
local,sparse,representation,base,interest,point,match,person,re-identification
vision-based,recognition,activity,humanoid,robot
utilization,spread,code,dedicated,waveform,active,multi-static,primary,surveillance,radar
impact,quality-based,fusion,technique,video-based,iris,recognition,distance
signature,complexity,measure,select,reference,signature,online,signature,verification
age,gender,characterization,layer,clustering,online,handwriting
epoch-based,entropy,early,screening,alzheimer,'s,disease
pattern,activity,identification,framework,medical,nursing,home,infrared,sensor
quasi-rectilinear,msk,gmsk,oqam,co-channel,interference,mitigation,input,widely,linear,fresh,filter
handy,sufficient,condition,convergence,maximum,likelihood,estimator,observation-driven,model
markov,chain,monte,carlo,method,sampling,mixture,model,statistical,perspective
uniform,ergodicity,particle,gibbs,sampler
estimation,postoperative,knee,flexion,initial,contact,cerebral,palsy,child,neural,network
predict,postoperative,knee,flexion,gait,cerebral,palsy,child
tct-107,discover,registry,1,year,outcome,fully,re-positionable,retrievable,non-metallic,transcatheter,aortic,valve,real-world,population
bayesian,conditional,monte,carlo,algorithm,nonlinear,time-series,state,estimation
