designing,efficient,fusion,scheme,multimodal,biometric,system,face,palmprint
particle,swarm,optimization,base,fusion,infrared,visible,image,improve,face,verification
exact,filter,conditionally,markov,switching,hide,linear,model
exact,bayesian,prediction,class,markov-switching,model
protocol,multi-biometric,system,',evaluation,maintain,dependency,biometric,score
joint,binary,image,deconvolution,blur,identification,context,two-dimensional,storage,channel
unsupervised,segmentation,randomly,switch,datum,hide,non-gaussian,correlate,noise
turbo,segmentation,textured,image
glrt-based,array,receiver,detection,signal,unknown,parameter,corrupt,noncircular,interference
vanilla,rao-blackwellization,metropolis-hastings,algorithm
second-order,statistics,evd,sample,covariance,matrix,application,detection,noncircular,or/and,nongaussian,component
direct,prediction,smoothing-based,kalman,particle,filter,algorithm
asymptotic,distribution,glr,impropriety,complex,signal
consistency,maximum,likelihood,estimator,general,hidden,markov,model
iboat,isolation-based,online,anomalous,trajectory,detection
evidential,network-based,multimodal,fusion,fall,detection
robust,efficient,route,wireless,mesh,network,unreliable,node
propose,modification,appendix,ii,y.ngn-web
clarification,vod,related,classification,y.iptvintwvod
quantify,spatiotemporal,stability,means,entropy,approach,motivation
internet,thing,concept,problem,statement
framework,media,control,iptv,service
discussion,iot,definition
revise,draft,recommendation,y.ngn-web,functional,requirement,architecture,web,service,component,ngn
revise,draft,recommendation,y.ubinet-hn,framework,object-to-object,communication,ubiquitous,network
revise,draft,recommendation,y.ngn-web,functional,requirement,architecture,web,service,component,ngn,3
internet,thing,lesson,sdo
internet,thing,concept,problem,statement
revise,draft,recommendation,y.ubinet-hn,framework,object-to-object,communication,ubiquitous,networking,3
internet,thing,concept,problem,statement
revise,draft,recommendation,y.ngn-web,functional,requirement,architecture,web,service,component,ngn,2
revise,draft,recommendation,y.ubinet-hn,framework,object-to-object,communication,ubiquitous,networking,2
diy,smart,experience,project
triplet,markov,chain,image,segmentation
security,emerge,4g,network
reliable,transport,delay,tolerant,network
sch,'em,de,mise,en,veille,des,station,de,base,dan,les,eseaux,mobile,pr,esentation,evaluation
machine-to-machine,communication
internet,thing,real,virtual,world
biometric,technique,apply,video,surveillance
exact,calculation,optimal,filter,hidden,markov,switching,long-memory,chain
obtain,cryptographic,key,multi-biometric
analyze,internet,dn,sec,traffic,resolve,platform,optimization
performance,evaluation,methodology,tool,select,papers,valuetools,2008
trend,computer,science,engineering,information,technology
advance,digital,image,processing,information,technology
architecture,gouvernance,des,service,de,communication
agr,egation,pour,garantir,la,qos,des,eseaux,complex
advance,parallel,distribute,computing
architecture,governance,communication,service
multipath,insensitive,delay,lock,loop,gnss,receiver
next-generation,wireless,technology,4g
temperature,dependence,dynamic,property,tolerance,optical,feedback,high-speed,1.3,dfb,quantum-dot,laser
sequential,monte,carlo,smooth,general,state,space,hide,markov,model
fixed-interval,kalman,smoothing,algorithm,singular,state,space,system
separation,instantaneous,mixture,dependent,source,classical,ica,method
convergence,multi-agent,project,stochastic,gradient,algorithm,non-convex,optimization
minimum-weight,subgraph,unicyclic,component,lower-bounded,girth
recherche,information,contextuelle,bas,ee,sur,la,pr,ediction,des,int,er,ets,des,utilisateurs,leurs,relation,sociale
fractional,route,pair,failure-disjoint,path
scaling,analysis,delay,rejection,mcmc,method
design,implementation,usage,analysis,event-based,consumer,mashup,system
antidepressant,game,smartphone,qoe,rescue,robot
total,quality,experience,qoe,model,communication,ecosystem
analysis,photonic-crystal,lom,structure,engrave,ti,er,linbo3,waveguide,1.55,emission
asymptotic,property,maximum,likelihood,estimation,misspecify,hidden,markov,model
identity,forgery,disguise
algorithm,approach,bound,aggregation,multidimensional,markov,chain
profile,context,management,ubiquitous,computing
scene,analysis,indoor,positioning,enhancement
performance,evaluation,mobile,network,base,stochastic,order,markov,chain
software,architecture,pattern,context-processing,middleware,framework
optical,feedback,tolerance,quantum-dot,quantum-dash-based,semiconductor,laser,operate,1.55,mu
detection,resolution,feature,interaction,ip,multimedia,subsystem
spectral,bound,unconstrained,1,;,1,1,quadratic,optimization,problem
feedback-resistant,p-type,doped,inas/inp,quantum-dash,distribute,feedback,laser,isolator-free,gb/s,transmission,1.55,mu
real,time,anomalous,trajectory,detection,analysis
volume-oriented,route,modification
special,issue,dynamic,game,network
passive,testing,base,symbolic,execution,slice,technique,application,validation,communication,protocol
generating,attack,scenario,system,security,validation
formal,data-centric,approach,passive,testing,communication,protocol
strong,weak,stochastic,bound,multidimensional,markov,chain
adaptive,learning,vector,quantization,online,parametric,estimation
improving,transport,performance,delay,tolerant,network,random,linear,network,code,global,acknowledgment
discussion,architecture,object-to-object,communication,y.ubinet-hn
architecture,object,object,communication
propose,modification,figure,service,classification,y.ngn-web
discussion,common,functionality,accord,service,classification,y.ngn-web
approach,sustain,web,service,high-availability,community,web,service
agent,&#966;,tool,modeling,composite,self-adaptive,agent
cadecomp,context-aware,deployment,component-based,application
performance,bound,statistical,analysis,doa,estimation
survey,kurtosis,optimization,scheme,miso,source,separation,equalization
marginalize,particle,phd,filters,multiple,object,bayesian,filter
bayesian,multi-object,filter,pairwise,markov,chain
direction,finding,antenna,array,randomly,located,source
closed-form,expression,exact,cramer-rao,bind,parameter,estimation,bpsk,msk,qpsk,waveform
optimal,sir,algorithm,vs.,fully,adapt,auxiliary,particle,filter,asymptotic,analysis
joint,channel,estimation,decode,trellis-coded,mimo,two-way,relay,network
automatic,detection,advertisement,radio,broadcast,data-driven,alisp,transcription
subsampling-based,hmc,parameter,estimation,application,large,dataset,classification
exact,fast,computation,optimal,filter,gaussian,switching,linear,system
unsupervised,datum,classification,pairwise,markov,chain,automatic,copula,selection
ergodicity,observation-driven,time,series,model,consistency,maximum,likelihood,estimator
calibrate,exponential,ornstein-uhlenbeck,multiscale,stochastic,volatility,model
limit,theorem,weighted,sample,application,sequential,monte,carlo,method
adaptive,importance,sampling,general,mixture,class
existence,arch,infini,process
inversion,polynomial,system,separation,nonlinear,mixture,finite-alphabet,source
bound,regeneration,time,limit,theorem,subgeometric,markov,chain
unsupervised,segmentation,triplet,markov,chain,long-memory,noise
fusion,textural,statistics,similarity,measure,application,texture,recognition,segmentation
sequential,monte,carlo,smooth,application,parameter,estimation,linear,state,space,model
sur,la,convergence,de,estimation,conditionnelle,erative
blind,estimation,detection,space-time,trellis,code,transmission,rayleigh,fading,mimo,channel
cryptographic,secrecy,steganographic,matrix,embedding
asymptotic,distribution,circularity,coefficient,estimate,complex,random,variable
robustness,adaptive,narrowband,beamform,respect,bandwidth
generalized,identifiability,condition,blind,convolutive,mimo,separation
performance,limit,alphabet,diversity,fir,siso,channel,identification
forget,initial,condition,filter,general,state-space,hidden,markov,chain,coupling,approach
forget,initial,distribution,hidden,markov,model
gaussian,beam,launch,3d,physical,modeling,propagation,channel
subgeometric,rate,convergence,f-ergodic,strong,markov,process
optimality,auxiliary,particle,filter
deterministic,particle,filter,gps,navigation,presence,multipath
blind,soft-output,decoding,space-time,trellis,code,transmission,time-varying,rayleigh,fading,channel
asymptotic,optimal,sinr,performance,bind,space-time,beamforming
asymptotic,generalize,eigenvalue,distribution,block,multilevel,toeplitz,matrix
gaussian,sum,approach,blind,carrier,phase,estimation,datum,detection,turbo,code,transmission
blind,turbo-detection,presence,phase,noise
modeling,unsupervised,classification,multivariate,hidden,markov,chain,copula
modify,belief,propagation,algorithm,code,word,quantization
general,algebraic,algorithm,blind,extraction,source,mimo,convolutive,mixture
forget,initial,distribution,nonergodic,hidden,markov,chain
fixed-lag,particle,smoother,blind,siso,equalization,time-varying,channel
gaussian,mixture,approach,blind,equalization,block-oriented,wireless,communication
belief,propagation,dykstra,'s,algorithm,iterated,information,projection
unsupervised,segmentation,semi-markov,chain,hide,long,dependence,noise
relationship,belief,propagation,decoding,joint,maximum,likelihood,detection
fixed-interval,kalman,smoothing,algorithm,singular,state,--,space,system
biosecure,signature,evaluation,campaign,bsec,',2009,evaluate,online,signature,algorithm,depend,quality,signature
hw/sw,partitioning,approach,embedded,system,case,study,iris,recognition,algorithm
measure,forgery,quality,online,signature
kurtosis,optimization,scheme,miso,equalization
scaling,analysis,multiple-try,mcmc,method
segmentation,image,par,mod,ele,de,elange,conjoint,gaussien
unsupervised,segmentation,random,discrete,datum,hide,switching,noise,distribution
detect,aircraft,low-resolution,infrared,sensor
dempster-shafer,fusion,multisensor,signal,nonstationary,markovian,context
generalized,multilevel,physical,optics,mlpo,comprehensive,analysis,reflector,antenna
recursive,bayesian,filter,multitarget,track-before-detect,passive,radar
iterative,mitigation,intercell,interference,cellular,network,base,gaussian,belief,propagation
unsupervised,segmentation,hidden,semi-markov,non-stationary,chain
analysis,ratan-600,radiotelescope,antenna,multilevel,physical,optics,algorithm
effective,elliptic,fitting,iris,normalization
enhancing,information,security,privacy,combine,biometric,cryptography
introduction,biometric
introduction,la,biom,etrie
cha,ine,de,markov,triplet,segmentation,des,image
numerical,stability,property
convolutive,mixture
subspace,tracking,signal,processing
turbo,equalization
building,ubiquitous,qoc-aware,application,model-driven,software,engineering
reduce,overhead,intra-cluster,inter-cluster,sensor-to-actor,communication,ieee,802.15.4,network
dynamic,data-centric,storage,long-term,storage,wireless,sensor,actor,network
internet,thing,embedded,intelligence
opportunistic,iot,explore,harmonious,interaction,human,internet,thing
understand,evolution,multimedia,content,internet,bittorrent,glass
semantic,context-aware,service,composition,build,automation,system
bayesian,track-before-detect,procedure,passive,radar
flexible,service,selection,execute,virtual,service
aircraft,classification,low,resolution,infrare,sensor
improving,energy,saving,time-division,multiplexing,passive,optical,network
evaluate,energy,efficiency,onus,multiple,power,level,tdm-pon
adaptive,delay-aware,energy,efficient,tdm-pon
analyze,benefit,optical,transmission,system,base,root,raise,cosine,ps-qpsk,flexible,channel,grid
community,web,service,registry,construction,management
process,socio,space,discovery,base,semantic,log
performance,evaluation,authentication,solution,ims,service,access
discover,profile,overlap,community,location,base,social,network
understand,social,relationship,evolution,real-world,sense,datum
datum,provide,service,clustering,management,facilitate,service,discovery,replacement
steady-state,behavior,semiconductor,laser,diode,subject,arbitrary,level,external,optical,feedback
properties,performance,practical,interest,widely,linear,mmse,beamformer,nonrectilinear,signal
diameter,cut,polytope
middleware,task,resolution,adaptation,pervasive,environment
syst,eme,technique,rfid,risque,solution,de,ecurit,'
analysis,max-consensus,algorithm,wireless,channel
spin-based,approach,detect,vulnerability,program
simple,finite,cut,plane,algorithm,integer,program
fringe,minimal,conceptual,decomposition,binary,context
p2p,ip,telephony,wireless,ad-hoc,network,smart,approach,super,node,admission
integrate,rfid,wlan,indoor,positioning,ip,movement,detection
pseudolites/repeaters,infrastructure,autoposition,approach,mathematics,simulation-based,result
qos-oriented,resource,allocation,streaming,flow,ieee802,.16,mobile,wimax
advanced,iptv,service,personalization,context-aware,content,recommendation
identify,logical,location,gps-enabled,mobile,phone,wearable,camera
advanced,approach,modeling,detect,software,vulnerability
review,mobility,management,vertical,handover,solution,heterogeneous,wireless,network
programmable,context,awareness,framework
onion,route,circuit,construction,latency,graph
adaptation,audio-visual,contents,delivery
trust-based,authentication,scheme,user,rating,low-resource,device,smart,environment
management,stateful,firewall,misconfiguration
delay,capacity,analysis,structured,p2p,overlay,lookup,service
rori-based,countermeasure,selection,orbac,formalism
design,issue,cognitive,sub-small,cell,sojourner
j3gen,prng,low-cost,passive,rfid
investigation,relationship,perceive,quality-of-experience,virtual,acoustic,environment,case,3d,audio,telephony
foundation,practice,security
kedgen2,key,establishment,derivation,protocol,epc,gen2,rfid,system
scalable,multimedia,delivery,qos,management,pervasive,computing,environment
hep,context-aware,communication,system
multipath,route,strategy,prevent,flooding,disruption,attack,link,state,route,protocol,manet
path,selection,algorithm,fault,tolerance,wireless,mesh,network
pattern-based,adaptation,abstract,application,pervasive,environment
ensure,customise,transactional,reliability,composite,service
cooperative,programming,framework,context-aware,application
handle,conflict,context-aware,remind,system,sensorised,home
symbolic,abstraction,deadlock-freeness,verification,inter-enterprise,process
cdtom,context-driven,task-oriented,middleware,pervasive,homecare,environment
dynamic,user,task,composition,base,user,preference
case-driven,ambient,intelligence,system,elderly,in-home,assistance,application
emergence,social,community,intelligence
introduction,special,issue,intelligent,system,activity,recognition
assess,service,protocol,adaptability,base,protocol,reduction,graph,search
theme,issue,context-aware,middleware,application
query,learn,route,approach,base,semantic,cluster
mhs,multimedia,system,improve,medication,adherence,elderly,care
propose,modification,functional,entity,web,service,component,y.ngn-web
propose,modification,functional,entity,y.ngn-web
ims,service,interaction
propose,modification,figure,ngn,architecture,web,service,component,y.ngn-web
hybrid,multi-channel,multi-hop,mac,vanets
framework,media,control,iptv,service
clarification,mmtel,functionality
protocole,pour,la,egociation,des,politiques,de,privacy
sip,extension,media,control
sip,extension,media,control
architecture,object,object,communication
proposal,service,classification,accord,service,control,ngn-web,convergence,environment
revise,text,live,list,web,service,architecture,ngn
proposal,web,service,component,ngn,architecture,multi-service,capability
proposal,functional,entity,web,service,component,y.ngn-web
propose,figure,ngn,architecture,web,service,component
distribute,aaa,framework,manet,performance,analysis
proposal,work,item,ngn-web,convergence,integrate,multi-service,network
authentication,service,mobile,ad,hoc,network
authentication,method,base,cryptographic,identifier,cga
ecurit,',dan,les,eseaux,de,capteurs,sans,fil,conception,impl,'em,entation
secure,aggregation,wireless,sensor,network
experimental,experience,host,identity,protocol,hip
dynamic,home,agent,address,discovery,dhaad,harmful,draft-dupont-mext-dhaadharmful-00,.,txt
syst,eme,de,sauvegarde,p2p,ecuris,',appuyant,sur,une,architecture,aaa
usage,performance,cryptographically,generate,address
sessamo,session,mobility,video,streaming,application
service,continuity,ims,heterogeneous,access,network
status,gnss,transmitter-based,approach,indoor,positioning
wavelength-selective,ti,linbo3,multiple,y-branch,coupler,base,focused,ion,beam,mill,bragg,reflector
virtual,network,provision,multiple,substrate,network
multipath,insensitive,delay,lock,loop,gnss,receiver
self-organization,framework,wireless,ad,hoc,network,small,world
achieve,small-world,property,bio-inspired,technique,wireless,network
scalability,signaling,architecture
analysis,improvement,alignment,business,information,system,telecom,service
channel,equalization,bandwidth,tuning,lc-based,tunable,hybrid,birefringent,filter
ws-composite,management,monitoring,ims,network
mobile,wimax,field,trial,test,multimedia,performance,evaluation
log-based,transactional,workflow,mining
agent,phi,tool,modeling,composite,self-adaptive,agent
cosmos,composition,de,noeuds,de,contexte
ontology,base,p2p,network,semantic,search
intelligent,environment,service
quadratic,stability,descriptor,system,uncertainty,derivative,matrix
framework,monitoring,reconfiguration,component,dynamic,transformation
meet,warming-up,detect,common,interest,conflict,participant,meeting
editorial,``,multidimentionnalit,',passage,',echelle,''
enable,user-oriented,management,ubiquitous,computing,meta-design,approach
fouille,de,workflow
event-based,design,runtime,verification,composite,service,transactional,behavior
geeair,universal,multimodal,remote,control,device,home,appliance
prompt,lifecycle-oriented,learning,ubicomp,application,leverage,distribute,wisdom
summarize,sensor,datum,vehicular,ad,hoc,network
building,context-awareness,model,mobile,application
capacity-driven,web,service,concept,definition,issue,solution
integration,corporate,security,strategy,collaborative,business,process
enhancing,spontaneous,interaction,opportunistic,mobile,social,network
design-in-play,improve,variability,indoor,pervasive,game
la,recherche,des,motif,corr,el,proposition,une,nouvelle,repr,esentation,concise,exacte,assocus,ee,la,mesure,bond
formal,context,coverage,base,isolate,label,efficient,solution,text,feature,extraction
approach,formal,verification,mediation,protocol,base,web,service,mde,type
global,measure,approach,base,ontology,spectrum,evaluate,ontology,enrichment
non-intrusive,sleep,pattern,recognition,elder,assistive,environment
prediction,urban,human,mobility,large-scale,taxi,trace,application
recommender,system,base,historical,usage,datum,web,service,discovery
bgrt,une,nouvelle,base,en,erique,de,egles,association,triadique,application,autocompl,etion,de,requ,etes,dans,les,folksonomy
scalable,semantic,provenance,management,system
design,evaluation,project-based,learning,ubiquitous,platform,universal,client,pbl2u
context,gateway,physical,space
structural,characterization,sparseness,measure,frequent,closed,itemset,context
assessment,service,protocol,adaptability,base,walk,computation
icross,scalable,infrastructure,cross-domain,context,management
land-use,classification,taxi,gps,trace
social,community,intelligence,technology,trend
assess,replaceability,service,protocol,mediated,service,interaction
ubiquitous,intelligence,computing,6th,international,conference
ambient,assistive,health,wellness,management,heart,city,7th,international,conference,smart,homes,health,telematics,icost,2009,tours,france,july,1-3,2009
hidden,markov,model,context-aware,tag,query,prediction,folksonomy
guessxq,query-by-example,approach,xml,query
semantics,xml,information,access,application,portuguese,emigration,museum
universal,plug-n-play,device,communication,ad,hoc,pervasive,environment
recommendation,learn,material,student,',collaboration,user,modeling,adaptive,e-learning,environment
situation-based,activity-based,learning,strategy,pervasive,learning,system,workplace
mod,elisation,des,processus
interoperability,pervasive,environment
ecouverte,de,la,logique,des,processus
processus,interentreprise
concept,notation
intelligence,des,processus
dynamic,software,product,line,context-aware,web,service
enable,context-aware,web,service,middleware,approach,ubiquitous,environment
authentication,wireless,mesh,network
software,network,edge
multi-service,mac,protocol,multi-channel,csma/ca,ieee,802.11,network
engineering,distribute,e-voting,system,architecture,meeting,critical,requirement
spectral,bound,unconstrained,-1,1,quadratic,optimization,problem
user,profile,base,access,control,model,architecture
applicability,rfid,indoor,localization
analysis,photonic-crystal,lom,structure,engrave,ti,er,linbo3,waveguide,1.55,mu,emission
temperature,dependence,dynamic,property,tolerance,optical,feedback,high-speed,1.3,mu,dfb,quantum-dot,laser
feedback-resistant,p-type,doped,inas/inp,quantum-dash,distribute,feedback,laser,isolator-free,gb/s,transmission,1.55,mu,956,;
introduction,uml,formal,method
tight,bind,length,distinguish,sequence,non-observable,nondeterministic,finite-state,machine,polynomial,number,input,output
apply,formal,method,pcep,industrial,case,study,modeling,test,generation
robust,route,optimal,partitioning,traffic,demand,polytope
polynomial-time,recursive,algorithm,unconstrained,quadratic,optimization,problem
find,failure-disjoint,path,path,diversity,protection,communication,network
failure,disjoint,path
metropolitan,optical,packet,bus-based,network,packet,bursting,emulation,tdm,service
en,eration,de,script,attaque,pour,la,validation,de,la,ecurit,'
test,probabilistic,fsm,interval,estimation
efficiency,benefit,load-balancing,link,reliability,base,route,wsn
fsm-based,conformance,testing,method,survey,annotated,experimental,evaluation
optical,man,ring,performance,traffic,aggregation
wimax,quality-of-service,estimation,measurement
networks,unicyclic,connected,component,short,cycle
steiner,networks,unicyclic,connected,component
algorithm,formulation,minimum,cut,separator,problem
polynomial,traffic,demand,polytope,partitioning
performance,comparison,ops,variable-size,packet,ob
designing,steiner,network,unicyclic,connected,component,easy,problem
systematic,approach,generate,precondition,application,database,domain
software,reuse,plagiarism,code,practice
lower,bound,computational,power,optical,model,computation
formal,validation,methodology,manet,route,protocol,base,node,',similarity
stochastic,comparison,methodology,performance,evaluation,fix,mobile,network
impl,'em,entation,java,une,sp,ecification,application,aux,basis,de,donn,ee
handoff,energy,awareness,future,pervasive,environment
context,aware,quality,experience,audio-visual,service,group
optical,feedback,tolerance,quantum-dot,quantum-dash-based,semiconductor,laser,operate,1.55,mu,956,;
autonomic,virtual,router,future,internet
webid,1.0,web,identity,discovery
ub2sql,tool,building,database,application,uml,formal,method
maximum,cut,problem
security,ad,hoc,network
circuit,emulation,service,technology,modify,packet,burst,metropolitan,optical,network
modeling,testing,secure,web,application
modeling,testing,web,base,system
feature,interaction,software,product,line,e-voting
information,theoretic,capacity,wimax
robust,route,communication,network
optical,metropolitan,network,packet,format,mac,protocol,quality,service
clustering,sensor,network
wimax,network,capacity,radio,resource,management
conditional,probability,approach,performance,analysis,optical,unslotted,bus-based,network
ub2sql,tool,building,database,application,uml,formal,method
issue,design,access,interface,optical,slotted,network
transport,tdm,service,metropolitan,bus-based,optical,packet,switching,network
distribute,monitoring,ad,hoc,networks,conformance,security,checking
formal,supervision,mobile,ad,hoc,network,security,flaw,detection
performance,multicast,packet,aggregation,optical,slotted,network
apport,des,technique,multi-niveaux,dan,une,architecture,dvb-s2,/,rc
'em,onstration,de,la,ecurit,',une,application,de,signalisation,en,mode,nominal,en,mode,egrad,par,la,preuve,formelle
optimal,control,wake,mechanism,femtocell,heterogeneous,network
model,flow-level,performance,hierarchical,modulation,ofdma-based,network
classification,periodic,activity,wasserstein,distance
inrob,approach,testing,interoperability,robustness,real-time,embedded,software
systematic,approach,integrate,common,time,security,rule,tefsm-based,system,specification
cooperative,relay,ofdma,network,base,joint,hierarchical,modulation,link,adaptation
bound,aggregation,transient,stationary,performance,analysis,subnetwork
joint,uplink,downlink,admission,control,streaming,elastic,flow,cdma/hsdpa,system
spectral,bound,maximum,cut,problem
geometric,characterization,``,optimality-equivalent,'',relaxation
lqi-dcp,lqi,base,multihop,clustering,protocol,wireless,sensor,network
lqi,improve,clusterhead,location,dense,zigbee,base,wireless,sensor,network
equipartition,uniform,cut,polytope,polyhedral,result,extend
single-node,cluster,reduction,wsn,energy-efficiency,cluster,formation
approximability,3,4-hop,bound,disjoint,path,problem
formal,object-oriented,development,voting,system,test,oracle
flow-level,performance,proportional,fairness,hierarchical,modulation,ofdma-based,network
equipartition,uniform,cut,polytope,extend,polyhedral,result
step,forward,link,wireless,self-organising,network,validation,technique,formal,testing,approach
introduction,special,issue,papers,uml,fm,',2011
gradient-based,randomised,heuristic,maximum,cut,problem
minimum,cut,separator,problem
scalable,rfid,privacy,protect,scheme
teletraffic,capacity,performance,wdm/ds-ocdma,passive,optical,network
quality,service,base,mobility,management,heterogenous,wireless,network
pn,platform
key,management,wireless,sensor,network
introduction,wireless,mobile,network
security,ip-based,mobile,network
reactive,wireless,mesh,network,architecture
polarization,dependence,effect,external,optical,feedback,semiconductor,laser
technologie,mih-ieee,802.21
mobilit,',dan,wi-fi,ieee,802.11
describe,generation,communication,service,usage,perspective
service,orchestration,ims
ims,service,model,concept
broadcast,technique,vehicular,ad,hoc,network
open-iptv,service,architecture
wlan/3g,convergence,advance,mobility,feature
cross,layer,simulation,application,performance,modelling,network,compose,manet,satellite
light-weight,internet,protocol,multimedia,subsystem,ims,client,development,smart,mobile,device
analysis,coherence-collapse,regime,semiconductor,laser,external,optical,feedback,perturbation,method
indoor,position,gnss-like,local,signal,transmitter
mobile,wireless,network,security,proceedings,mwns,2008,workshop,singapore,9,april,2008
internet,thing,connect,object,web
mobile,wireless,network,security,proceedings,2nd,international,workshop,mwns,2009,aachen,germany,15,2009
wireless,mobile,network,security,security,basics,security,on-the-shelf,emerge,technology
eseaux,sans,fil,'em,ergent,standard,ieee
iptv,service,personalization,context-awareness
survey,personalized,tv,ngn,service,context-awareness
cooperative,geographic,route,radio,coverage,extension,ser-constrained,wireless,relay,network
pr,evention,des,enis,de,service,dan,les,eseaux,publics
eolocalisation,en,sommes-nous
principales,technique,technology,de,positionnement
enhancing,exist,communication,service,context-awareness
id-based,cryptography,definition,eap,authentication,method
widget,composition,mechanism,service,creation,ordinary,user
technological,implementation,fabry-p,erot,cavity,ti,linbo3,waveguide,fib
risk,assessment,supply,chain,rfid,wireless,sensor,network,integration,approach
ontology-driven,approach,model,siem,information,operation,swrl,formalism
semantic,enhance,service,exposure,model,converged,service,environment
contrast,finesse,enhancement,birefringent,filter
coopgeo,beaconless,geographic,cross-layer,protocol,cooperative,wireless,ad,hoc,network
hash,chain,link,resynchronization,method,video,streaming,security,performance,comparison
performance,evaluation,experiment,host,identity,protocol
topology,control,route,large,scale,wireless,sensor,network
quality-assured,sociality-enriched,multimedia,mobile,mashup
enhance,authenticate,key,agreement,protocol,neural,network-based,model,joining-phase,mobile,environment
access,control,object,description,future,network,information
priority-based,hybrid,mac,energy,efficiency,wireless,sensor,network
rfid-assisted,indoor,localization,impact,interference,performance
direction,intrusion,detection,alert,correlation
reduce,collision,probability,shared,medium,variational,method
short,multipath,insensitive,code,loop,discriminator
secure,peer-to-peer,backup,service,great,autonomy,supervision,provider
content,delivery,personalized,iptv,service,peer,peer,proxy
optical,performance,bragg,grating,fabricate,ti,linbo3,waveguide,focused,ion,beam,milling
ring-based,pon,support,multiple,optical,private,network,ocdma,technique
time-frequency,analysis,efficient,detection,localization,side-coupled,cavity,real,photonic,crystal
nonlinear,pulse,reshape,highly,birefringent,photonic,crystal,fiber,ocdma,receiver
significantly,improve,performance,cryptographically,generate,address,ecc,gpgpu
hierarchical,location,service,prediction,mobile,ad-hoc,network
interference,mitigation,repeater,pseudolite,indoor,positioning,system
ecurit,',dan,les,eseaux,802.11
on-demand,key,establishment,protocol,manet
indoor,positioning,base,gps-repeater,performance,enhancement,open,code,loop,architecture
multi-channel,amplitude,equalization,base,liquid,crystal,polarization,interference,filter
fractional,frequency,reuse,hierarchical,resource,allocation,mobile,wimax,network
co2,laser-induced,crystallization,sol-gel-derived,indium,tin,oxide,film
analysis,telecommunication,management,technology
alternative,methodology,base,spectral,analysis,direct,access,ring,resonator,parameter
experimental,measurement,host,identity,protocol,mobile,node,',network
converge,web,2.0,telecommunications
eap-ehash,authentication,method,adapt,resource,constrain,terminal
service,business,process,generation,service,required,step,achieve,service,convergence
integrate,identity-based,cryptography,ims,service,authentication
analytical,model,hsdpa,throughput,nakagami,fading,channel
vehicle,ad,hoc,networks,application,related,technical,issue
multicast,overlay,span,tree,ad,hoc,network,capacity,bound,protocol,design,performance,evaluation
secure,e-passport,protocol,base,biometric
time-wavelength,reflectance,map,photonic,crystal,waveguide,view,disorder-induced,scattering
building,identity-based,security,association,provider-provisioned,virtual,private,network
ims,enable,converge,service,cable,3g,technology,survey
dynamic,service,deployment,distribute,heterogeneous,cluster,base,router,dhcr
ecurit,',des,syst,emes,p2p,de,sauvegarde,distribu,ee
des,eseaux,ad,hoc,economiquement,viables
make,mobile,service,architecture
projet,dispairse,syst,eme,p2p,de,sauvegarde,distribu,ee,ecuris,'
systematic,investigation,inas/inp,quantum-dash,base,laser,external,optical,feedback
ecurit,',des,eseaux,sans,fil,mobile,probl,'em,atique,enjeux,technologique
approach,analysis,distribute,partially,proton-exchanged,ti,linbo3,waveguide
exact,smoothing,hidden,conditionally,markov,switch,linear,model
performance,analysis,lrt/glrt-based,array,receiver,detection,real-valued,signal,corrupt,noncircular,interference
statistical,performance,music-like,algorithm,resolve,noncircular,source
bayesian,fixed-interval,smoothing,algorithm
lte,femtocell,integration,wireless,sensor/actuator,network,rfid,technology
incoming,trend,end-user,driven,service,creation
rfid,deployment,location,mobility,management,internet
ecurit,',des,eseaux,p2p
rfid,application,related,research,issue
introduction,internet,thing
integration,wifi,wimax,network
security,pn
pn,networking
multiple,mobile,sink,deployment,energy,efficiency,large,scale,wireless,sensor,network
wife,wireless,indoor,position,base,fingerprint,evaluation
wireless,sensor,network,security
consideration,rfid-based,indoor,simultaneous,tracking
caac,mechanism,cluster,address,auto-configuration,mechanism
fundamental,security,mechanism
consideration,smart,tcrmf,mobile,wireless,environment
clean-up,conclusion,section,4.1
emerge,cloud-based,internet,thing
clean-up,conclusion,section,5.1.2-5,.1.4
2,.,reference
ics,termination,ue,assist,t-ads,case,simultaneous,ps,cs,support
internet,thing,lesson,sdo
internet,thing,concept,problem,statement
conclusion,derive,section,4.2.1,4.2.2,clarification,scope,release,8
case,illustrate,function,release,8,isb
revision,section,4.1
inclusion,isc,enhancement,support,sb,service,class,base,sb
revision,section,4.2
propose,modification,requirement,support,context,awareness,y.sun-context
propose,modification,functional,model,support,context,awareness,y.sun-context
update,text,draft,recommendation,y.energy-hn,``,energy,saving,smart,object,generation,home,network,''
internet,thing,concept,problem,statement
internet,thing,concept,problem,statement
object,framework,future,internet
object,framework,future,internet
object,framework,future,internet
proposal,case,context,aware,content,delivery,service,y.sun-context
proposal,work,item,social,device,networking
proceedings,2011,20th,ieee,international,workshops,enabling,technologies,infrastructure,collaborative,enterprises,wetice
recherche,d'information,contextuelle,bas,ee,sur,la,pr,ediction,des,int,er,ets,des,utilisateurs,leurs,relation,sociale
